Keywords,Total_Papers,Overlap_Count,Overlap_Percentage,Coverage_Percentage,New_Discoveries
2,67312,372,0.5526503446636558,87.73584905660378,66940
3,12660,371,2.9304897314375986,87.5,12289
4,9425,366,3.8832891246684347,86.32075471698113,9059
5,3402,316,9.288653733098178,74.52830188679245,3086
10,3066,301,9.817351598173515,70.99056603773585,2765
